Name of Meeting,Participants,Purpose,Cadence,Method
Project Kickoff,Project Manager and all development team leads,"Confirm project scope, roles, semester milestones, and communication expectations.",Once at project start,Online meeting; decisions recorded in GitHub
Weekly Status Update,Project Manager and all development team leads,"Review completed work, upcoming tasks, blockers, and milestone progress.",Weekly,Online meeting supported by the Trello board
Development Coordination,"Web, Mobile, Backend/API, Mapping, and Payment team leads","Coordinate interfaces, dependencies, and integration changes across teams.",Weekly; additionally when an interface changes,Online meeting; interface decisions documented in GitHub
Requirements and Scope Review,"Project Manager, driver/mobile user representatives, parking operators, and relevant team leads",Validate parking workflows and review proposed SRS changes before work begins.,Every two weeks; additionally for major scope changes,Online review meeting; SRS changes tracked in GitHub
Risk Review,"Project Manager, team leads, and finance/billing representative","Review risk ratings, owners, responses, and newly identified risks.",Weekly; additionally when a major risk occurs,Online meeting using the risk register in Google Sheets
Stakeholder Progress Review,"Project Manager, parking operators, city transportation representatives, and system administrators",Review milestone results and confirm operational and city requirements.,At each major project milestone,Online demonstration and review meeting
User Feedback Session,"Driver/mobile user representatives, Web and Mobile teams, and QA team","Gather feedback on finding, reserving, and paying for parking.",After each prototype or usability test round,Online prototype walkthrough; feedback collected through a survey
Testing and Defect Review,QA team and relevant development team leads,"Review test results, assign defect fixes, and confirm readiness for the next milestone.",Weekly during testing; additionally for critical defects,Online meeting; defects and owners tracked in Trello
Financial and Billing Review,"Project Manager, finance/billing personnel, Payment team, and parking operator representatives","Review service cost assumptions, payment rules, receipts, refunds, and reconciliation.",Monthly; additionally after major pricing or payment changes,Online meeting supported by shared cost and billing records
External Service Coordination,"Payment and Mapping team leads, third-party payment provider, and mapping service representative","Confirm API access, integration requirements, and provider changes or outages.",Before integration; additionally when access or service issues arise,Email or provider support portal; online meeting for complex issues
Urgent Issue Escalation,"Affected team lead, Project Manager, system administrators, and affected stakeholder representatives","Report critical incidents, assign response actions, and share recovery updates.",Immediately upon a critical issue; updates until resolved,Direct phone call or urgent message; written follow-up by email