ID,Description,Probability (1–5),Impact (1–5),Risk Level,Owner,Response strategy,Status / Notes
T01,"Stale parking availability. If garage updates are delayed, occupied spaces may appear available. Failed reservations and loss of driver trust.",4,4,16,Backend/API Team,Mitigate: Validate timestamps and availability before confirming reservations. If it occurs: Hide stale spaces and notify affected drivers.,Open
T02,"Conflicting reservations. If simultaneous requests are not handled atomically, two drivers may book the same space. Double bookings and refunds.",3,5,15,Backend/API Team,"Mitigate: Use database transactions, unique constraints, and concurrency tests. If it occurs: Cancel the duplicate booking, offer another space, and refund if needed.",Open
T03,"Third-party service failure. If mapping or payment APIs fail or change, navigation or checkout may stop working. Drivers cannot navigate or complete paid reservations.",3,4,12,Payment Integration Team / Mapping & Location Services Team,"Mitigate: Test API contracts, monitor errors, and implement timeouts and retries. If it occurs: Show parking addresses and temporarily pause paid checkout.",Open
T04,"Unauthorized access to user data. If authentication or permissions are weak, attackers may access personal or reservation data. Privacy harm, remediation work, and delayed release.",3,5,15,Backend/API Team,"Mitigate: Apply least privilege, encrypt data, review permissions, and test authorization. If it occurs: Disable affected access, contain the incident, and follow the incident response plan.",Open
S01,"Scope growth. If new requirements are added without reprioritization, planned work may exceed semester capacity. Missed milestones and incomplete deliverables.",4,4,16,Project Manager,Mitigate: Baseline the SRS and assess each proposed change against remaining time. If it occurs: Defer lower-priority features with approval and retain required deliverables.,Open
S02,"Late external access. If API credentials or garage data access arrive late, integration work may be blocked. Dependent tasks and testing start late.",3,4,12,Project Manager,Mitigate: Request access early and track external dependencies in Trello. If it occurs: Use clearly labeled mock data or sandbox APIs for planning and testing.,Open
S03,"Cross-team integration delay. If teams deliver incompatible interfaces, web, mobile, and backend integration may require rework. Testing and final delivery are delayed.",3,4,12,Backend/API Team,Mitigate: Agree on interface contracts and schedule early integration checkpoints. If it occurs: Prioritize a working end-to-end flow and reassign integration tasks.,Open
S04,"Insufficient testing time. If earlier work consumes the testing buffer, critical defects may remain near submission. Unreliable demonstrations or incomplete validation.",4,4,16,Quality Assurance & Testing Team,Mitigate: Reserve testing time and test each milestone as it is completed. If it occurs: Fix critical defects first and reduce optional demonstration scope.,Open
F01,"Underestimated service costs. If API usage or cloud traffic exceeds assumptions, operating cost estimates may be too low. An inaccurate budget and inefficient resource use.",3,3,9,Finance/Billing Lead,Mitigate: Estimate usage by scenario and review provider pricing and quotas. If it occurs: Revise cost estimates and optimize excessive usage.,Open
F02,"Incorrect charges or payouts. If rates, fees, or billing rules are implemented incorrectly, drivers or operators may receive wrong amounts. Refunds, reconciliation work, and financial disputes.",3,4,12,Payment Integration Team / Finance/Billing Lead,"Mitigate: Define billing rules and test totals, receipts, and operator reconciliation. If it occurs: Pause affected billing and correct charges and payouts.",Open
F03,"Refund and chargeback losses. If cancellation rules are unclear or payment fraud occurs, disputes may increase. Revenue losses and administrative costs.",3,3,9,Finance/Billing Lead,"Mitigate: Publish cancellation rules, retain transaction records, and use provider fraud controls. If it occurs: Review disputes, issue valid refunds, and adjust controls.",Open
F04,"Revenue leakage from outages. If checkout or reservation services are unavailable, otherwise bookable spaces may generate no platform revenue. Lost transactions and lower operator returns.",3,4,12,Project Manager / Finance/Billing Lead,Mitigate: Monitor paid booking flows and plan service recovery. If it occurs: Restore checkout first and reconcile interrupted transactions.,Open
P01,"Team member unavailability. If a key contributor is absent, tasks dependent on that person may stall. Delayed work and workload imbalance.",3,4,12,Project Manager,"Mitigate: Document work, assign backup owners, and review capacity weekly. If it occurs: Reassign tasks and adjust the sequence of work.",Open
P02,"Skill gaps. If contributors lack experience with payments, security, or mapping, work may need repeated correction. Defects and slower completion.",4,3,12,Team Leads,"Mitigate: Assess skill needs early and use training, pairing, and reviews. If it occurs: Assign specialist support and simplify optional complexity.",Open
P03,"Poor team communication. If decisions and interface changes are not shared, teams may work from different assumptions. Duplicate effort and avoidable rework.",4,4,16,Project Manager,Mitigate: Record decisions in GitHub and keep Trello tasks current at weekly check-ins. If it occurs: Hold a coordination review and reconcile conflicting decisions.,Open
P04,"Limited stakeholder participation. If drivers or parking operators do not review requirements, the design may miss real workflows. Low usability and late requirement changes.",3,4,12,Project Manager,Mitigate: Schedule stakeholder reviews and record feedback and acceptance criteria. If it occurs: Use representative scenarios and flag unvalidated assumptions for review.,Open